{
    "Invoice dispatch":{
        "precision":1.0,
        "recall":0.5,
        "f1-score":0.6666666667,
        "support":14.0
    },
    "Invoice processing":{
        "precision":0.0,
        "recall":0.0,
        "f1-score":0.0,
        "support":3.0
    },
    "Invoice accounting":{
        "precision":0.0,
        "recall":0.0,
        "f1-score":0.0,
        "support":9.0
    },
    "Purchase order creation":{
        "precision":0.4166666667,
        "recall":1.0,
        "f1-score":0.5882352941,
        "support":10.0
    },
    "Invoice payment":{
        "precision":0.25,
        "recall":0.3333333333,
        "f1-score":0.2857142857,
        "support":3.0
    },
    "Invoice creation":{
        "precision":0.8125,
        "recall":1.0,
        "f1-score":0.8965517241,
        "support":13.0
    },
    "Contract updates and forwarding for finance approval":{
        "precision":0.7586206897,
        "recall":1.0,
        "f1-score":0.862745098,
        "support":22.0
    },
    "Payment collection":{
        "precision":1.0,
        "recall":0.5714285714,
        "f1-score":0.7272727273,
        "support":14.0
    },
    "Revenue accounting":{
        "precision":1.0,
        "recall":0.3333333333,
        "f1-score":0.5,
        "support":3.0
    },
    "Financial review of contract":{
        "precision":1.0,
        "recall":0.1333333333,
        "f1-score":0.2352941176,
        "support":15.0
    },
    "Vendor onboarding":{
        "precision":0.75,
        "recall":1.0,
        "f1-score":0.8571428571,
        "support":3.0
    },
    "accuracy":{
        "precision":0.6146788991,
        "recall":0.6146788991,
        "f1-score":0.6146788991,
        "support":0.6146788991
    },
    "Average":{
        "precision":0.635253396,
        "recall":0.5337662338,
        "f1-score":0.5108747973,
        "support":109.0
    }
}